Top pages,Clicks,Impressions,CTR,Position
https://poopcheck.app/,3877,52368,7.4%,6.1
https://poopcheck.app/ai-poop-analyzer/,164,4791,3.42%,7.74
https://poopcheck.app/poopcheck-blog/pencil-thin-stools-when-to-worry/,158,33928,0.47%,11.07
https://poopcheck.app/demo/,131,3642,3.6%,5.05
https://poopcheck.app/poopcheck-blog/exercise-and-bowel-movements/,45,19874,0.23%,8.92
https://poopcheck.app/poopcheck-blog/how-hydration-affects-stool/,27,9458,0.29%,9.36
https://poopcheck.app/poopcheck-blog/mucus-in-stool/,23,25632,0.09%,37.45
https://poopcheck.app/ai-stool-analysis-technology/,17,1407,1.21%,9.12
https://poopcheck.app/download/,13,1857,0.7%,6.68
https://poopcheck.app/compare/bowelle/,13,752,1.73%,7.7
https://poopcheck.app/features/ai-stool-analysis/,9,288,3.12%,21.15
https://poopcheck.app/tools/bristol-quiz/,9,67,13.43%,11.64
https://poopcheck.app/compare/bearable/,8,797,1%,8.57
https://poopcheck.app/pricing/,7,3370,0.21%,4.42
https://poopcheck.app/business/,7,1708,0.41%,4.04
https://poopcheck.app/poopcheck-blog/what-causes-floating-stool/,7,1623,0.43%,11.3
https://poopcheck.app/poopcheck-blog/fiber-and-stool-consistency/,7,1354,0.52%,9.32
https://poopcheck.app/support/,7,217,3.23%,7.98
https://poopcheck.app/poopcheck-blog/high-protein-diet-constipation/,6,3393,0.18%,9.88
https://poopcheck.app/faq/,6,2850,0.21%,3.86
https://poopcheck.app/poop-pictures/,6,756,0.79%,37.1
https://poopcheck.app/bristol/type-5/,6,363,1.65%,9.82
https://poopcheck.app/compare/cara-care/,6,164,3.66%,11.04
https://poopcheck.app/poopcheck-blog/fermented-foods-vs-probiotic-supplements/,5,1538,0.33%,16.44
https://poopcheck.app/compare/plop/,5,258,1.94%,6.66
https://poopcheck.app/poopcheck-blog/public-stool-and-gut-microbiome-datasets-2026/,4,945,0.42%,9.81
https://poopcheck.app/bristol/type-7/,4,470,0.85%,4.95
https://poopcheck.app/bristol/type-6/,4,409,0.98%,9.6
https://poopcheck.app/about-poopcheck/,4,276,1.45%,11.65
https://poopcheck.app/compare/stooly/,4,59,6.78%,5.49
https://poopcheck.app/poopcheck-blog/magnesium-for-constipation/,3,748,0.4%,10.61
https://poopcheck.app/poopcheck-blog/artificial-sweeteners-gut-bacteria-2026/,3,661,0.45%,4.59
https://poopcheck.app/compare/,3,278,1.08%,10.58
https://poopcheck.app/business/api/,3,27,11.11%,8.93
https://poopcheck.app/business/data/,3,18,16.67%,11.56
https://poopcheck.app/features/,2,3320,0.06%,4.58
https://poopcheck.app/bristol/type-4/,2,518,0.39%,10.24
https://poopcheck.app/bristol/type-2/,2,465,0.43%,9.82
https://poopcheck.app/poop-color-chart/,2,436,0.46%,52.49
https://poopcheck.app/poopcheck-blog/ozempic-and-bowel-changes/,2,160,1.25%,11.73
https://poopcheck.app/compare/poop-scanner/,2,127,1.57%,6.7
https://poopcheck.app/poopcheck-blog/cag-170-gut-bacteria-health-marker/,2,127,1.57%,7.62
https://poopcheck.app/poopcheck-blog/maternal-gut-microbiome-infant-eczema-2026/,2,102,1.96%,7.36
https://poopcheck.app/compare/balloon/,2,58,3.45%,8.14
https://poopcheck.app/features/gut-health-score/,2,12,16.67%,19
https://poopcheck.app/features/community/,2,4,50%,5.75
https://poopcheck.app/poopcheck-blog/microplastics-in-stool-2026/,1,826,0.12%,8.26
https://poopcheck.app/poopcheck-blog/bovine-colostrum-for-gut-health/,1,602,0.17%,9.36
https://poopcheck.app/poopcheck-blog/top-fermented-beverages-to-enhance-your-gut-health-naturally/,1,543,0.18%,29.6
https://poopcheck.app/poopcheck-blog/how-long-food-takes-to-digest/,1,439,0.23%,11.45
https://poopcheck.app/poopcheck-blog/what-your-poop-color-means/,1,287,0.35%,67.31
https://poopcheck.app/privacy/,1,219,0.46%,6
https://poopcheck.app/compare/mysymptoms/,1,142,0.7%,11.46
https://poopcheck.app/poopcheck-blog/stopping-ozempic-weight-regain-microbiome-2026/,1,118,0.85%,6.11
https://poopcheck.app/compare/dieta-health/,1,113,0.88%,8.28
https://poopcheck.app/poopcheck-blog/postbiotics-explained/,1,96,1.04%,39.93
https://poopcheck.app/poopcheck-blog/sugar-free-diet-gut-microbiome-2026/,1,91,1.1%,6.42
https://poopcheck.app/poopcheck-blog/ai-stool-test-colorectal-cancer-detection/,1,63,1.59%,10.14
https://poopcheck.app/compare/clever-poop/,1,45,2.22%,6.82
https://www.poopcheck.app/,1,10,10%,1.5
https://poopcheck.app/poopcheck-blog/black-stool-causes/,0,3498,0%,19.26
https://poopcheck.app/poopcheck-blog/,0,3334,0%,4.39
https://poopcheck.app/guides/,0,2956,0%,5.24
https://poopcheck.app/poopcheck-blog/yellow-stool-causes/,0,1187,0%,13.22
https://poopcheck.app/poopcheck-blog/akkermansia-weight-regain-study-2026/,0,1146,0%,7.84
https://poopcheck.app/poopcheck-blog/apple-cider-vinegar-for-gut-health/,0,837,0%,10.36
https://poopcheck.app/poopcheck-blog/do-colonics-work/,0,795,0%,9.18
https://poopcheck.app/poopcheck-blog/stool-smell-what-it-means/,0,765,0%,14.87
https://poopcheck.app/poopcheck-blog/gut-microbiome-testing-worth-it/,0,668,0%,8.38
https://poopcheck.app/poopcheck-blog/antibiotics-and-gut-microbiome-recovery/,0,480,0%,8.71
https://poopcheck.app/guides/bristol-stool-scale-explained/,0,469,0%,62.64
https://poopcheck.app/poopcheck-blog/morning-poop-why/,0,399,0%,9.76
https://poopcheck.app/bristol/type-3/,0,389,0%,8.15
https://poopcheck.app/poopcheck-blog/long-term-capsaicin-intake-effects-on-gut-health-and-inflammation-2/,0,376,0%,11.79
https://poopcheck.app/low-fodmap-food-list/,0,276,0%,56.93
https://poopcheck.app/poopcheck-blog/low-fodmap-diet-guide/,0,274,0%,19.96
https://poopcheck.app/poopcheck-blog/constipation-causes-and-remedies/,0,267,0%,17.88
https://poopcheck.app/poopcheck-blog/bloating-causes-and-remedies/,0,261,0%,14.9
https://poopcheck.app/poopcheck-blog/diarrhea-causes-and-when-to-worry/,0,198,0%,13.97
https://poopcheck.app/baby-poop-color-chart/,0,161,0%,47.15
https://poopcheck.app/features/poop-tracking/,0,148,0%,9.43
https://poopcheck.app/bristol/type-1/,0,137,0%,14.83
https://poopcheck.app/poopcheck-blog/imidazole-propionate-gut-heart-disease-2026/,0,116,0%,8.47
https://poopcheck.app/poopcheck-blog/bristol-stool-chart-types-explained/,0,113,0%,55.48
https://poopcheck.app/poopcheck-blog/leaky-gut-real-or-myth/,0,109,0%,7.83
https://poopcheck.app/poopcheck-blog/how-green-stool-in-infants-predicts-future-bowel-health-insights/,0,102,0%,45.13
https://poopcheck.app/poopcheck-blog/gut-microbiome-biological-age/,0,98,0%,8.17
https://poopcheck.app/poopcheck-blog/probiotics-vs-prebiotics/,0,86,0%,19.6
https://poopcheck.app/terms/,0,79,0%,5.81
https://poopcheck.app/poopcheck-blog/sibo-explained/,0,65,0%,16.65
https://poopcheck.app/poopcheck-blog/sleep-and-gut-health/,0,64,0%,13.5
https://poopcheck.app/poopcheck-blog/butyrate-intestinal-memory-2026/,0,62,0%,6.84
https://poopcheck.app/poopcheck-blog/gut-microbiome-frailty-women-2026/,0,60,0%,6.6
https://poopcheck.app/poopcheck-blog/gut-brain-axis-explained/,0,54,0%,18.54
https://poopcheck.app/poopcheck-blog/fibermaxxing-explained/,0,51,0%,7.16
https://poopcheck.app/poopcheck-blog/chemicals-damaging-gut-bacteria-2026/,0,51,0%,8.12
https://poopcheck.app/poopcheck-blog/why-is-my-poop-green-decoding-the-secret-language-of-your-stool/,0,26,0%,31.38
https://poopcheck.app/poopcheck-blog/tag/bristol-stool-scale-dataset/,0,24,0%,8.38
https://poopcheck.app/poopcheck-blog/menopause-and-gut-microbiome/,0,19,0%,37.95
https://poopcheck.app/tools/,0,14,0%,11.64
https://poopcheck.app/bristol/,0,9,0%,15.67
https://poopcheck.app/poopcheck-blog/tag/stevia/,0,8,0%,17.12
https://poopcheck.app/poopcheck-blog/tag/floating-stool/,0,8,0%,26.62
https://poopcheck.app/poopcheck-blog/tag/stool-image-dataset/,0,7,0%,8.71
https://poopcheck.app/poopcheck-blog/ibs-plague-of-the-millenium/,0,6,0%,14.33
https://poopcheck.app/poopcheck-blog/tag/obesity/,0,6,0%,27.67
https://poopcheck.app/poopcheck-blog/tag/fibermaxxing/,0,6,0%,29.5
https://poopcheck.app/poopcheck-blog/tag/melena/,0,5,0%,4.8
https://poopcheck.app/health-data-consent/,0,5,0%,6.8
https://poopcheck.app/poopcheck-blog/category/app-updates/,0,5,0%,6.8
https://poopcheck.app/poopcheck-blog/tag/biological-age/,0,5,0%,15.2
https://poopcheck.app/poopcheck-blog/tag/aspartame/,0,5,0%,23
https://poopcheck.app/ai-poop-analyzer,0,4,0%,1
https://poopcheck.app/poopcheck-blog/tag/tiktok-trends/,0,4,0%,3
https://poopcheck.app/og-default.svg,0,4,0%,4
https://poopcheck.app/poopcheck-blog/tag/tiktok-trend/,0,4,0%,6
https://poopcheck.app/poopcheck-blog/tag/gut-health/,0,4,0%,11.75
https://poopcheck.app/poopcheck-blog/how-to-improve-gut-health/,0,4,0%,47
https://poopcheck.app/poopcheck-blog/tag/ai-stool-analysis/,0,4,0%,67.75
https://poopcheck.app/poopcheck-blog/tag/glp-1/,0,3,0%,9.67
https://poopcheck.app/poopcheck-blog/how-often-should-you-poop-3-shocking-facts-you-need-to-know/,0,3,0%,16
https://poopcheck.app/poopcheck-blog/tag/high-protein-diet/,0,3,0%,22.33
https://poopcheck.app/poopcheck-blog/tag/akkermansia-muciniphila/,0,3,0%,23.33
https://poopcheck.app/poopcheck-blog/tag/microbiome-aging-clock/,0,3,0%,26.33
https://poopcheck.app/poopcheck-blog/tag/gut-microbiome-biological-age/,0,3,0%,37
https://www.poopcheck.app/privacy-policy,0,2,0%,1
https://poopcheck.app/poopcheck-blog/category/gut-health/,0,2,0%,4
https://poopcheck.app/poopcheck-blog/tag/weight-regain/,0,2,0%,6
https://poopcheck.app/poopcheck-blog/tag/imidazole-propionate/,0,2,0%,8
https://poopcheck.app/poopcheck-blog/tag/stool-dataset/,0,2,0%,8.5
https://poopcheck.app/poopcheck-blog/tag/digestive-health/,0,2,0%,10
https://poopcheck.app/poopcheck-blog/tag/tirzepatide/,0,2,0%,10
https://poopcheck.app/poopcheck-blog/tag/frailty/,0,2,0%,10.5
https://poopcheck.app/poopcheck-blog/tag/longevity/,0,2,0%,16.5
https://poopcheck.app/poopcheck-blog/tag/artificial-sweeteners/,0,2,0%,21.5
https://poopcheck.app/poopcheck-blog/tag/steatorrhea/,0,2,0%,24
https://poopcheck.app/poopcheck-blog/tag/sleep/,0,2,0%,28.5
https://poopcheck.app/poopcheck-blog/tag/bile-acids/,0,2,0%,30
https://poopcheck.app/poopcheck-blog/tag/sucralose/,0,2,0%,30
https://poopcheck.app/poopcheck-blog/tag/butyrate/,0,2,0%,31
https://poopcheck.app/poopcheck-blog/tag/ozempic-weight-regain/,0,2,0%,34.5
https://poopcheck.app/poopcheck-blog/tag/infant-eczema/,0,2,0%,35
https://poopcheck.app/poopcheck-blog/tag/gut-inflammation/,0,2,0%,37.5
https://poopcheck.app/poopcheck-blog/tag/protein-maxxing/,0,2,0%,38.5
https://poopcheck.app/poopcheck-blog/tag/floating-stool-causes/,0,2,0%,49.5
https://poopcheck.app/pencil-thin-stools-when-to-worry/,0,1,0%,1
https://poopcheck.app/poopcheck-blog/exercise-and-bowel-movements,0,1,0%,1
https://poopcheck.app/poopcheck-blog/pencil-stools-when-to-worry/,0,1,0%,1
https://poopcheck.app/poopcheck-blog/pencil-thin-stools-when-to-woping/,0,1,0%,1
https://poopcheck.app/poopcheck-blog/do-i-have-colon-cancer/,0,1,0%,3
https://poopcheck.app/poopcheck-blog/tag/fiber-and-stool-consistency/,0,1,0%,4
https://poopcheck.app/poopcheck-blog/tag/ibd/,0,1,0%,6
https://poopcheck.app/poopcheck-blog/category/stool-analysis/,0,1,0%,8
https://poopcheck.app/poopcheck-blog/tag/malabsorption/,0,1,0%,8
https://poopcheck.app/poopcheck-blog/tag/water-intake/,0,1,0%,8
https://poopcheck.app/poopcheck-blog/tag/zoe/,0,1,0%,10
https://poopcheck.app/features/bristol-stool-scale/,0,1,0%,11
https://poopcheck.app/poopcheck-blog/tag/menopause/,0,1,0%,28
https://poopcheck.app/poopcheck-blog/tag/aging/,0,1,0%,29
https://poopcheck.app/poopcheck-blog/tag/perimenopause/,0,1,0%,29
https://poopcheck.app/poopcheck-blog/tag/insulin-resistance/,0,1,0%,30
https://poopcheck.app/poopcheck-blog/tag/chemical-exposure/,0,1,0%,32
https://poopcheck.app/poopcheck-blog/tag/antibiotic-resistance/,0,1,0%,33
https://poopcheck.app/poopcheck-blog/tag/circadian-rhythm/,0,1,0%,34
https://poopcheck.app/poopcheck-blog/tag/estrobolome/,0,1,0%,34
https://poopcheck.app/poopcheck-blog/tag/atopic-dermatitis/,0,1,0%,35
https://poopcheck.app/poopcheck-blog/tag/maternal-microbiome/,0,1,0%,36
https://poopcheck.app/poopcheck-blog/tag/stool-consistency/,0,1,0%,62