Top queries,Clicks,Impressions,CTR,Position
poop analyzer,159,431,36.89%,3.44
poopcheck,115,219,52.51%,1.38
poop ai,93,1518,6.13%,2.8
poop check,86,339,25.37%,4.5
poop checker,84,430,19.53%,4.78
ai poop,60,1642,3.65%,2.19
stool analyzer,50,353,14.16%,3.4
ai stool analysis,42,102,41.18%,3.83
poop poop ai,40,925,4.32%,3.99
ai poop checker,39,144,27.08%,1.68
ai poop analyzer,38,93,40.86%,2.84
poop scanner,33,121,27.27%,2.45
ai poop analysis,32,70,45.71%,4.43
check my poop,21,278,7.55%,3.95
poop detector,16,149,10.74%,3.01
check my poop app,14,59,23.73%,1.86
ai stool,13,189,6.88%,3.18
poop tracker online,13,41,31.71%,6.1
stool checker,12,84,14.29%,10.39
stool scanner,12,57,21.05%,3.51
poop check app,11,56,19.64%,3.29
ai pooping,10,152,6.58%,2.72
poop analyzer app,9,74,12.16%,2.12
poop website,8,458,1.75%,6.23
ai poo,8,443,1.81%,2.46
poop site,8,335,2.39%,4.19
poop scanner app,8,76,10.53%,2.67
pooping ai,7,83,8.43%,2.47
poopcheck app,7,17,41.18%,1.59
poo checker,6,112,5.36%,6.34
analyze my poop,6,35,17.14%,11.49
poop analysis,5,234,2.14%,8.62
pooping site,5,129,3.88%,6.02
ai poop picture,5,112,4.46%,1.98
poop scan,5,61,8.2%,7.41
stool ai,5,19,26.32%,1
stool analyser,5,13,38.46%,2.46
rate my poop app,4,169,2.37%,5.9
stool app,4,125,3.2%,6.1
poop ai generator,4,38,10.53%,5.21
poop analysis app,4,18,22.22%,2.17
scan my poop,4,17,23.53%,1.06
ai pop tracker,3,133,2.26%,8.47
pencil thin stool diameter,3,72,4.17%,8.67
poop ia,3,64,4.69%,2.95
poo check,3,25,12%,5.16
poop test online,3,21,14.29%,12.62
poop app,2,743,0.27%,7.13
poop download,2,379,0.53%,5.69
pooping website,2,108,1.85%,5.96
poop web,2,102,1.96%,4.93
poop 사이트,2,91,2.2%,4.1
stoolanalyzer,2,86,2.33%,6.93
livepoop.net,2,56,3.57%,1.05
bowelle app android,2,53,3.77%,7.4
bk stool analysis,2,51,3.92%,7.69
poop rating,2,46,4.35%,12.22
poop identifier app,2,32,6.25%,1.22
poop ai app,2,32,6.25%,2.72
poopscan,2,30,6.67%,7.07
normal stool followed by thin stool,2,28,7.14%,21.18
can hemorrhoids cause thin stools,2,20,10%,6.95
what ai can,2,2,100%,1
poop tracker,1,358,0.28%,14.26
poo ai,1,335,0.3%,6.79
ai poop tracker,1,297,0.34%,6.85
check my poo,1,293,0.34%,8.27
pencil thin stool pictures,1,258,0.39%,10.98
live poop.net,1,242,0.41%,7.13
bowelle,1,210,0.48%,8.5
poop websites,1,102,0.98%,7.52
poop online,1,96,1.04%,5.24
walking makes me poop,1,89,1.12%,9.96
poop tracker app,1,84,1.19%,10.55
poopoop ai,1,77,1.3%,4.82
does working out make you poop more,1,72,1.39%,10.54
pencil poop pictures,1,65,1.54%,6.77
pencil thin stools,1,61,1.64%,18
poop tracking app,1,60,1.67%,8.7
feces app,1,56,1.79%,5.71
poo website,1,55,1.82%,6.02
does walking make you poop,1,49,2.04%,9.45
pooping websites,1,45,2.22%,9.11
narrow poop pictures,1,42,2.38%,12.38
ai poop image,1,41,2.44%,3.12
aipoop,1,39,2.56%,5.62
poop map app,1,38,2.63%,7.32
pupu check,1,35,2.86%,6.77
online stool test,1,35,2.86%,20.54
poop ai image,1,34,2.94%,4.53
why does drinking water make me poop instantly,1,34,2.94%,9.21
pencil-thin stool pictures,1,34,2.94%,10.5
uitwerpselen herkennen app,1,29,3.45%,3.24
mucous stool,1,29,3.45%,34.41
poop-ai,1,28,3.57%,2.04
caca ia,1,27,3.7%,4.74
ai poop generator,1,27,3.7%,4.96
check poop,1,25,4%,4.24
pencil shaped poop,1,23,4.35%,11.57
app to track bowel movements,1,20,5%,7.45
gambar bab seperti pensil,1,20,5%,10.45
read my poop,1,18,5.56%,14.72
online poop,1,16,6.25%,4.88
why does walking make me want to poop,1,16,6.25%,7.56
is there an app to track bowel movements,1,14,7.14%,4.57
can dehydration cause mucus in stool,1,14,7.14%,11.79
pencil-thin stool causes,1,13,7.69%,11.54
high protein diet constipation,1,13,7.69%,12.38
bowelle android,1,12,8.33%,6.25
poop tracker ai,1,12,8.33%,10.58
app for tracking bowel movements,1,11,9.09%,6.82
feces tracking,1,11,9.09%,10.27
narrow or ribbon-like stools,1,11,9.09%,13.64
narrow bowel movements,1,11,9.09%,26.73
why is my poop thin,1,11,9.09%,28
camera poop,1,10,10%,11.1
what does pencil thin poop mean,1,10,10%,15.8
check the poo,1,9,11.11%,6.11
pencil thin stools causes,1,9,11.11%,14.56
pictures of pencil thin stool,1,8,12.5%,6.25
how does pencil stool look like,1,8,12.5%,9.62
application caca,1,6,16.67%,3.17
ai poop xxx,1,6,16.67%,11
app for tracking poop,1,6,16.67%,18.33
what does narrow poop mean,1,6,16.67%,29
app for poop tracking,1,5,20%,1
how thin are pencil thin stools,1,5,20%,1.4
what kind of poop is this picture,1,5,20%,2
rating poop,1,5,20%,7.2
poop identifier,1,4,25%,3.5
can hemorrhoids cause narrow stool,1,4,25%,16.75
check poo,1,3,33.33%,2.33
free app,1,3,33.33%,3
iphone,1,2,50%,1
poop analyser,1,2,50%,2.5
bird droppings,1,2,50%,3
poop identifier by picture,1,2,50%,4
hemorrhoids and narrow stools,1,2,50%,8
stool is very thin,1,2,50%,25.5
android,1,1,100%,1
can't see red,1,1,100%,1
check it,1,1,100%,1
daily,1,1,100%,1
free ones,1,1,100%,1
für android,1,1,100%,1
hangi site,1,1,100%,1
how about a website,1,1,100%,1
i have an android,1,1,100%,1
in android,1,1,100%,1
it needs to be free,1,1,100%,1
online not app,1,1,100%,1
pencil stool reasons,1,1,100%,1
stool sample,1,1,100%,1
tem algum app que faz isso?,1,1,100%,1
website,1,1,100%,1
welche ki kann das,1,1,100%,1
what's the best app?,1,1,100%,1
what’s free,1,1,100%,1
which ones are free,1,1,100%,1
à partir d’une photo,1,1,100%,1
фото покажи его,1,1,100%,1
사진공유,1,1,100%,1
웹사이트,1,1,100%,1
any free ones,1,1,100%,2
on phone,1,1,100%,2
best kimchi supplement,1,1,100%,3
how to identify animal droppings,1,1,100%,3
其他的,1,1,100%,3
kostenlos,1,1,100%,4
5 weeks,1,1,100%,5
can u show me where it says that,1,1,100%,5
kein blut,1,1,100%,5
真實圖片,1,1,100%,5
ai scat pic,1,1,100%,9
stuhlgang liste vorlage,1,1,100%,10
pencil colon cancer stool pictures,1,1,100%,11
thin stool and stomach pain,1,1,100%,16
a little bit of mucus in stool,1,1,100%,24
mucus in stool,0,1232,0%,34.41
stool caliber,0,423,0%,6.89
narrow stools,0,297,0%,26.1
pencil thin stool,0,244,0%,15.75
live poop,0,231,0%,7.64
poop,0,226,0%,15.94
ribbon like stool,0,209,0%,10.39
thin stool,0,187,0%,28.84
urge to poop but only mucus comes out,0,153,0%,37.03
mucus in poop,0,149,0%,31.87
mucus stool,0,144,0%,37.87
hemorrhoids narrow stool pictures,0,135,0%,9.69
ribbon stool,0,134,0%,11.32
fermented drinks for gut health,0,131,0%,41.89
white mucus in stool,0,113,0%,42.32
ai scat,0,111,0%,10.6
aptamil poo checker,0,110,0%,17.62
ribbon poop,0,108,0%,13.01
my poop,0,107,0%,8.27
thin stool colon cancer myth,0,106,0%,26.12
rate my poop,0,105,0%,13.85
is it normall to poo alot when you work out,0,102,0%,9.43
why does walking make you poop,0,101,0%,8.85
how much mucus in stool is normal,0,99,0%,16.12
mucous in stool,0,97,0%,32.05
is it healthy to poop after workout,0,96,0%,10.19
poop is hard with lots of protein diet,0,93,0%,9.46
thin poop,0,92,0%,22.75
checkmypoo,0,89,0%,3.64
mucus in stool causes,0,89,0%,39.61
ribbon stools,0,88,0%,10.47
pencil stool,0,86,0%,11.16
thin stool causes,0,85,0%,24.42
does ibs cause mucus in stool,0,85,0%,37.38
check my poo com,0,80,0%,6.85
mucus diarrhea,0,80,0%,40.6
stool analysis,0,79,0%,26.18
mucus in diarrhea,0,78,0%,35
poop sites,0,77,0%,6.58
why does walking make me poop,0,77,0%,9.18
mucoid stool,0,77,0%,32.43
white mucus in poop,0,75,0%,45.63
caliber stool,0,72,0%,7.74
skinny stools,0,72,0%,26.47
google poop,0,71,0%,10.85
pencil like stool,0,71,0%,13.55
thin stools no more panic,0,71,0%,14.01
pus in stool,0,71,0%,24.3
does running help you poop,0,70,0%,11.46
thin stools,0,70,0%,23.49
narrow stool,0,70,0%,24.7
mucus poop,0,70,0%,41.17
shit tracker,0,69,0%,6.42
mucus in stools,0,69,0%,34.3
small caliber stool,0,68,0%,9.07
stool test online,0,67,0%,45.46
skinny poop,0,66,0%,26.58
mucus feces human,0,66,0%,34.55
ai is poop,0,64,0%,3.56
what is stool caliber,0,64,0%,7.75
pencil thin poop,0,64,0%,21.2
stool caliber meaning,0,63,0%,4.7
unhealthy stools pictures,0,63,0%,10.98
what causes mucus in stool,0,63,0%,38.37
why does swimming make you poop,0,62,0%,6.71
ai generated poop,0,61,0%,3.56
poop map,0,61,0%,29.77
stool and mucus,0,60,0%,40.62
fermented drink for gut health,0,59,0%,48.51
clear mucus in stool,0,58,0%,36.76
diarrhea with mucus,0,58,0%,43.48
poo app,0,57,0%,5.79
stool check,0,56,0%,8.3
flush ai app,0,56,0%,9.27
why do i have to poop after cycling,0,56,0%,10.82
mucus in poo,0,56,0%,36.46
pooping mucus,0,56,0%,39.09
phlegm in the stool,0,55,0%,37.93
stool mucus,0,55,0%,44.45
decreased stool caliber,0,54,0%,8.67
colon cancer pencil thin stool pictures,0,54,0%,12.72
my poo,0,53,0%,10.94
phlegm bowel movement,0,53,0%,39.51
change in stool caliber,0,52,0%,4.79
pencil poop,0,52,0%,15.19
slimy poop,0,52,0%,35.06
narrow poop,0,51,0%,22.73
shit app,0,50,0%,8.52
caliber of stool,0,50,0%,8.9
pencil shaped stool,0,50,0%,13.04
stool tracker,0,50,0%,17.64
thin poop meaning,0,49,0%,7.39
white stuff in stool,0,49,0%,51.78
poop chat,0,48,0%,11.77
phlegm in feces,0,47,0%,35.47
pencil stools,0,46,0%,18.43
white stuff in poop,0,46,0%,46.5
poop scroller,0,45,0%,3.91
stool calibre,0,45,0%,6.58
ribbon like poop,0,45,0%,12.6
pooping mucus only,0,45,0%,36.84
bristol stool chart,0,45,0%,76.44
why does walking make me have to poop,0,44,0%,9.98
what does ribbon poop look like,0,44,0%,11.8
ibs mucus,0,44,0%,31.91
bowel mucus,0,44,0%,39.05
stool routine test online,0,44,0%,74.02
my poo app,0,43,0%,4.86
does walking make you poop more,0,43,0%,9.53
causes of mucus in stool,0,43,0%,35.91
ai stools,0,42,0%,5.1
poopoo ai,0,42,0%,5.24
does drinking more water make you shit more,0,42,0%,11.24
slimy diarrhea,0,42,0%,36.29
mucus in faeces,0,42,0%,37.71
what is mucus in stool,0,42,0%,39.76
poop video ai,0,41,0%,2.54
checkmypoop,0,41,0%,10.27
poo analysis,0,41,0%,13.12
snot in poop,0,41,0%,29.1
intestinal mucus,0,41,0%,38.73
poop alert,0,40,0%,6.17
does walking a lot make you poop more,0,40,0%,7.12
slime in feces,0,40,0%,31.95
site:poopcheck.app,0,39,0%,8.44
pencil stool pictures,0,39,0%,9.77
stringy mucus in stool,0,39,0%,33.31
stool with mucus,0,39,0%,35.05
mucus like poop,0,39,0%,39.41
bloody mucus in stool,0,39,0%,43.21
ai shitting,0,38,0%,2.71
does ai poop,0,38,0%,4.61
mucus in stool ibs,0,38,0%,31.74
phlegm in stool,0,38,0%,32.42
what does mucus in stool mean,0,38,0%,39.53
find my shit,0,37,0%,4.05
can ai poop,0,37,0%,4.08
ai turd,0,37,0%,6.65
poop google,0,37,0%,12.11
mucousy stool,0,37,0%,43.32
mucus in my stool,0,37,0%,50
shit check,0,36,0%,3.61
stool check up,0,36,0%,7.81
poopai,0,36,0%,7.89
ribbon shaped stool,0,36,0%,10.31
long thin poop,0,36,0%,23.22
ibs mucus in stool,0,36,0%,30.94
ai feces analyzer,0,36,0%,33.42
poop with mucus,0,36,0%,42.5
what does mucus in stool look like,0,36,0%,44.97
poop ai tracker,0,35,0%,8.54
mucous stools,0,35,0%,35.43
best fermented drinks for gut health,0,35,0%,36.94
phlegm diarrhea,0,35,0%,40.06
mucus on stool,0,35,0%,42.34
ribbon stool pattern,0,34,0%,9.03
ribbon like stools,0,34,0%,11.18
long skinny poop,0,34,0%,21.82
slime in poop,0,34,0%,31.09
pooping clear mucus,0,34,0%,38.74
why is there mucus in my poop,0,34,0%,40.59
mucus like stool,0,34,0%,41.41
what causes jelly-like mucus in stool,0,34,0%,42.59
white mucus in human stool,0,34,0%,45.44
does walking more make you poop more,0,33,0%,7.85
can drinking too much water cause constipation,0,33,0%,11.88
mucus in feces,0,33,0%,29.39
slime in bowel movement,0,33,0%,38.3
pencil stool images,0,32,0%,8.16
cleveland clinic apple cider vinegar gut health evidence,0,32,0%,9.12
mucus in stool constipation,0,32,0%,35.97
lots of mucus in stool,0,32,0%,41.78
mucus parasites in stool,0,32,0%,42.12
mucus with diarrhea,0,32,0%,44.44
"""low caliber stool"" and ""pencil thin stool"" are not signs of colo-rectal 
cancer summary",0,31,0%,7.97
decrease stool caliber,0,31,0%,8.26
ai diarrhea,0,31,0%,9.39
bowelle app,0,31,0%,9.74
flush ai,0,31,0%,31.45
defecating mucus,0,31,0%,32.58
poop mucus,0,31,0%,35.97
loose stool with mucus,0,31,0%,37.68
mucus inside stool,0,31,0%,41.77
white goo in poop,0,31,0%,43.29
started exercising more and am pooping more,0,30,0%,8.73
why does working out make me poop,0,30,0%,9.77
pencil poop causes,0,30,0%,11.23
does working out make you poop,0,30,0%,13.03
stringy mucus in poop,0,30,0%,33.4
stools with mucus,0,30,0%,33.63
mucus in stool treatment,0,30,0%,41.93
poop qr code,0,29,0%,5.03
page to poop,0,29,0%,6
narrow stools images,0,29,0%,8.31
does daily strength training cause you to poop more,0,29,0%,9.62
does exercise make you poop more,0,29,0%,9.62
rate my poo app,0,29,0%,11.28
bowel movement tracker,0,29,0%,30.59
mucus on poop,0,29,0%,37.28
mucousy stools,0,29,0%,42.17
mucousy diarrhea,0,29,0%,42.28
white stuff on poop,0,29,0%,44.24
can chat gpt analyze poop,0,28,0%,9.71
poop meter,0,28,0%,10.25
change in stool caliber narrow/pencil stools,0,28,0%,16.64
bowel cancer thin poop,0,28,0%,22.25
feces mucus,0,28,0%,28.18
reasons for mucus in stool,0,28,0%,41.39
jelly like stool,0,28,0%,41.96
fermented foods vs probiotic supplements,0,28,0%,53.96
"pubmed low caliber stool pencil thin stool are not signs of colorectal 
cancer 2009",0,27,0%,7.63
track my poo,0,27,0%,8.37
pencil stool causes,0,27,0%,12.48
skinny poop meaning,0,27,0%,15.44
mucous diarrhoea,0,27,0%,36.44
white slime in poop,0,27,0%,39.3
mucus bowel movement,0,27,0%,40
diarrhea mucus,0,27,0%,40.93
mucus blood in stool,0,27,0%,42.93
fermented foods vs probiotics,0,27,0%,66.96
online poo,0,26,0%,4.54
check my poo.com,0,26,0%,4.96
type 6 fluffy stools cause,0,26,0%,9.96
bristol stool chart app,0,26,0%,10.58
does thin stools always mean cancer,0,26,0%,16.46
what does skinny poop mean,0,26,0%,25.88
feces with mucus,0,26,0%,28.88
pooping snot,0,26,0%,34.35
slime in stool,0,26,0%,35.04
goo in poop,0,26,0%,36.19
stool with slime,0,26,0%,37.85
what causes mucus in stools,0,26,0%,39.88
intestinal lining in stool,0,26,0%,42.38
white mucus,0,26,0%,59.62
"borhan-manesh low caliber stool pencil thin stool not signs of colorectal 
cancer abstract",0,25,0%,7.8
nih magnesium glycinate constipation not laxative,0,25,0%,8.2
"pencil-shaped stools observed in _____________ intestinal obstruction 
hemorrhoids rectal fissures colitis",0,25,0%,8.88
"low caliber stool and pencil thin stool are not signs of colorectal cancer 
pubmed",0,25,0%,9.12
thin ribbon like stool,0,25,0%,14.92
phlegm poop,0,25,0%,30.04
mucus in poop constipation,0,25,0%,35.44
constipation and mucus in stool,0,25,0%,38.04
slimy stool,0,25,0%,38.08
discharge in poop,0,25,0%,38.16
jelly like poop,0,25,0%,38.6
mucus like feces,0,25,0%,39.44
mucus strings in poop,0,25,0%,40.24
excessive mucus in stool,0,25,0%,41.24
pooplr,0,24,0%,2.21
download poopweb,0,24,0%,5.08
poo site,0,24,0%,5.79
pooping sites,0,24,0%,5.88
see poop,0,24,0%,7.42
pencil like stool images,0,24,0%,8.04
ribbon-like stools,0,24,0%,9.29
mayo clinic colon cleansing risks dehydration electrolyte imbalance,0,24,0%,10.54
ribbon-like stool pictures,0,24,0%,10.67
compact feces analyzer,0,24,0%,15.83
poo chat,0,24,0%,18.58
poop snot,0,24,0%,32.46
faecal mucus,0,24,0%,38.17
stool with white mucus,0,24,0%,39.71
poop test,0,24,0%,42.88
white discharge in poop,0,24,0%,45.12
white in stool mucus,0,24,0%,51.33
skinny poop causes,0,23,0%,4.17
poopcr,0,23,0%,5.57
feces.app,0,23,0%,5.96
live poop net,0,23,0%,7.65
does swimming make you poop,0,23,0%,8.17
can walking make you poop,0,23,0%,8.61
why does walking make me need to poop,0,23,0%,9.26
get poopified,0,23,0%,9.74
poo tracker,0,23,0%,13.17
thin poops,0,23,0%,19.87
why do i have to poop after working out,0,23,0%,22.96
thin bowel movements,0,23,0%,23.48
mucus feces,0,23,0%,31.83
slime on poop,0,23,0%,32.26
mucus in bowel movement,0,23,0%,38.74
feces white mucus,0,23,0%,41.09
foul smelling stool with mucus,0,23,0%,41.22
feces with white mucus,0,23,0%,41.83
chronic diarrhea,0,22,0%,2.68
free poop,0,22,0%,5.95
vote my poop,0,22,0%,6.18
pooply,0,22,0%,6.68
find poop,0,22,0%,7.77
poop track,0,22,0%,8.73
can you havs bormal stool 90% of tomexand thin once in a whols?,0,22,0%,8.91
ipoop,0,22,0%,9
bowel movement tracker app,0,22,0%,9.32
poop application,0,22,0%,9.68
pencil stools pictures,0,22,0%,10.68
low caliber stool,0,22,0%,11.09
what do pencil thin stools look like,0,22,0%,11.14
narrow stool causes,0,22,0%,21.91
narrow thin stools,0,22,0%,22.27
long thin stool,0,22,0%,23.36
skinny stool,0,22,0%,25.18
is mucus in stool normal,0,22,0%,27.68
poo test,0,22,0%,31.86
excess mucus in stool,0,22,0%,37.86
barstool ia app,0,22,0%,37.95
mucus in stool means,0,22,0%,38.14
mucus stools,0,22,0%,38.32
mucus in stool meaning,0,22,0%,39.64
blood and mucus in stool,0,22,0%,41.36
mucous colitis,0,22,0%,50.41
probiotics and fermented foods,0,22,0%,73.77
best poop tracker app,0,21,0%,1.9
poo poo ai,0,21,0%,5.52
poop cam,0,21,0%,7.95
does bearable app use ai,0,21,0%,8.62
ribbon like stool pictures,0,21,0%,11
what does pencil poop look like,0,21,0%,11.38
pencil thin stool causes,0,21,0%,15.62
latest feces analyzer,0,21,0%,15.81
thinner stools,0,21,0%,19.14
poop calculator,0,21,0%,24.62
why is my poop skinny,0,21,0%,31.14
diarrhea and mucus,0,21,0%,38.19
red mucus in stool,0,21,0%,38.57
mucus in your stool,0,21,0%,39.76
why is there mucus in my stool,0,21,0%,39.9
mucus in my poop,0,21,0%,40.67
discharge in poo,0,21,0%,41.76
poop mucusy,0,21,0%,42.14
why mucus in stool,0,21,0%,44.33
orange mucus in stool,0,21,0%,45.1
best poop tracking app,0,20,0%,1.25
pencil thin stool image,0,20,0%,8.1
poop tech,0,20,0%,10.05
"""pasteurized akkermansia muciniphila muct for weight loss maintenance"" 
nature medicine 2026",0,20,0%,10.45
pencil thin stool images,0,20,0%,11
ribbon like stool causes,0,20,0%,13.1
what causes pencil thin stools,0,20,0%,13.45
ibs narrow stool,0,20,0%,22
long skinny stool,0,20,0%,22.85
pus in poop,0,20,0%,32.1
ibs and mucus,0,20,0%,32.7
pooping out mucus,0,20,0%,41.9
white mucus in poo,0,20,0%,42.7
passing mucus,0,20,0%,44.4
mucus in diarrhoea,0,20,0%,44.8
hard stool with mucus,0,20,0%,45.45
fermented health drink,0,20,0%,53.4
poop color,0,20,0%,68.75
bowel obstruction,0,19,0%,2.32
live poop .net,0,19,0%,3.79
ai is poo,0,19,0%,4.79
pooping app,0,19,0%,7.95
can walking make you poop more,0,19,0%,8.47
poop guesser,0,19,0%,8.84
why do i need to poop after walking,0,19,0%,9.53
picture of pencil thin stool,0,19,0%,9.63
poop tester,0,19,0%,11.89
ribbon stool causes,0,19,0%,12.84
can ibs cause pencil thin stools,0,19,0%,14.63
feces analyzer,0,19,0%,16.26
mucus in excrement,0,19,0%,29.32
in stool mucus,0,19,0%,32.26
phlegm in poo,0,19,0%,35.58
mucus in the feces,0,19,0%,36.26
white slime in stool,0,19,0%,39.32
phlegm like stool,0,19,0%,39.47
slimy bowels,0,19,0%,40.42
fuzzy white stuff in poop,0,19,0%,42.58
baby poop color chart,0,19,0%,43.63
pooping white mucus,0,19,0%,44
white mucus in bowel movement,0,19,0%,44.68
mucus on the stool,0,19,0%,44.79
poop with white mucus,0,19,0%,45.05
mucus feces causes,0,19,0%,45.89
postbiotics,0,19,0%,73.79
fermented probiotics,0,19,0%,74.63
poopvid ai,0,18,0%,5.83
app poop,0,18,0%,6.61
narrow stool pictures,0,18,0%,9
does exercise make you poop,0,18,0%,9.11
"borhan-manesh low caliber stool pencil thin stool are not signs of 
colorectal cancer abstract",0,18,0%,9.33
pencil thin poop images,0,18,0%,9.5
does hemorrhoids cause pencil stool,0,18,0%,10.5
can hemorrhoids cause ribbon stools,0,18,0%,12.33
professional feces analyzer,0,18,0%,14.5
stool tracking app,0,18,0%,20.5
narrowing of stool,0,18,0%,34
mucus with feces,0,18,0%,38.83
can constipation cause mucus in stool,0,18,0%,38.89
hard poop with white mucus,0,18,0%,39.56
bowel movement just mucus,0,18,0%,39.78
why am i pooping mucus,0,18,0%,39.89
mucus after pooping,0,18,0%,40.56
mucus in stool and abdominal pain,0,18,0%,43.72
mucus in the stool,0,18,0%,44.22
large amount of mucus in stool,0,18,0%,44.89
bowel movements with white mucus,0,18,0%,46.06
can dehydration cause constipation,0,18,0%,46.06
types of poop,0,18,0%,65.28
fermented foods and probiotics,0,18,0%,74.17
check my poo .com,0,17,0%,4.29
change in stool caliber meaning,0,17,0%,6.06
do you lose water when you poop,0,17,0%,6.76
download poop,0,17,0%,7.29
check stool,0,17,0%,8.88
cleveland clinic apple cider vinegar digestion evidence,0,17,0%,9.47
abnormal stool caliber,0,17,0%,9.88
"mayo clinic colon cleansing not necessary risks dehydration electrolyte 
imbalance",0,17,0%,9.94
does cardio make you poop,0,17,0%,10.76
thin stool colon cancer pictures,0,17,0%,11.94
narrow stools causes,0,17,0%,16.88
narrow ribbon like stools,0,17,0%,17.18
frequent narrow stools,0,17,0%,25.24
thin stool constipation,0,17,0%,26
long and thin poop,0,17,0%,26.94
flem in poop,0,17,0%,29.59
mucus on faeces,0,17,0%,34.06
constipation mucus in stool,0,17,0%,39
pooping only mucus,0,17,0%,40.35
green mucus in stool,0,17,0%,40.65
dark mucus in stool,0,17,0%,40.82
loose stools with mucus,0,17,0%,43.59
stool covered with mucus,0,17,0%,44.71
mucus poo,0,17,0%,45
bowel movement with white mucus,0,17,0%,45.47
stool report,0,17,0%,47.88
ki modell evaluierung stool,0,17,0%,51.24
app shit,0,16,0%,2
poo ia,0,16,0%,5.25
check my poop.com,0,16,0%,5.56
live poop show,0,16,0%,6.69
poop solver,0,16,0%,7.06
stool tracker app,0,16,0%,7.75
pencil shape stool,0,16,0%,8.06
snap poop,0,16,0%,8.5
does walking make u poop,0,16,0%,9.81
why do i have to poop after walking,0,16,0%,10.44
pencil thin stool crohn's,0,16,0%,11.12
poop finder,0,16,0%,11.94
poop report,0,16,0%,12.5
poop apps,0,16,0%,13.38
causes of pencil thin stools,0,16,0%,15.19
hemorrhoids thin stool,0,16,0%,16.62
bulk feces analyzer,0,16,0%,17.81
pencil like poop,0,16,0%,18.06
pencil like stools,0,16,0%,22.25
long thin stools,0,16,0%,23.62
what causes thin stools,0,16,0%,24.44
boogers in poop,0,16,0%,30.38
track bowel movements,0,16,0%,30.62
snot in stool,0,16,0%,31.25
intestinal mucus in stool,0,16,0%,31.62
causes of mucoid stool,0,16,0%,33
mucous in poo,0,16,0%,35.75
bowel movement mucus,0,16,0%,36.75
constipation mucus stool,0,16,0%,37.38
mucous diarrhea,0,16,0%,37.75
sputum in stool,0,16,0%,37.81
slimy faeces,0,16,0%,38.5
white phlegm in stool,0,16,0%,39.12
what does it mean when mucus is in your stool,0,16,0%,39.69
mucus with bowel movement,0,16,0%,40.62
poop covered in white mucus,0,16,0%,40.62
mucus in poop adult,0,16,0%,40.94
meaning of mucus in stool,0,16,0%,42.81
bloody mucus stool,0,16,0%,43.25
constipation and mucus,0,16,0%,43.81
white goo in stool,0,16,0%,44.25
white discharge with stool,0,16,0%,45.25
white stuff in poop constipation,0,16,0%,45.38
pink mucus in stool,0,16,0%,45.44
what causes mucus in the stool,0,16,0%,46.38
white discharge in stool,0,16,0%,48.88
what causes jelly like mucus in stool,0,16,0%,49.88
fermented probiotics supplements,0,16,0%,54.12
poop gpt,0,15,0%,5.27
"american cancer society colorectal cancer signs and symptoms pencil thin 
stool",0,15,0%,6.27
see poo,0,15,0%,6.53
pubmed low caliber stool pencil thin stool colorectal cancer review,0,15,0%,8.2
ribbon poop causes,0,15,0%,8.2
pencil shit,0,15,0%,8.27
increase in toilet trips howel vaused by increassed exercise?,0,15,0%,9
can hemorrhoids cause pencil thin stools,0,15,0%,11.6
ribbon-like stool,0,15,0%,12.13
custom feces analyzer,0,15,0%,14.47
pencil thin stool colon cancer,0,15,0%,14.53
mobile feces analyzer,0,15,0%,16.27
check your poop,0,15,0%,17.67
rate your poop,0,15,0%,20.2
"when to see a doctor for blood and mucus in stool -filetype:txt 
-filetype:pdf -filetype:epub -filetype:doc -filetype:docx -filetype:xls 
-filetype:xlsx -filetype:ppt -filetype:csv -site:youtube.com 
-site:tiktok.com -site:instagram.com -site:ebay.com -site:jd.com 
-site:amazon.com -site:iqiyi.com -site:bilibili.com -site:t.me 
-site:douyin.com -site:douban.com -site:apple.com -site:reddit.com 
-site:researchgate.net -site:academia.edu -site:dokumen.pub 
-site:en.wikipedia.org -site:quora.com -site:sciencedirect.com 
-site:cambridge.org -site:mdpi.com -site:link.springer.com 
-site:zhuanlan.zhihu.com -site:journals.sagepub.com -site:imdb.com 
-site:tandfonline.com -site:onlinelibrary.wiley.com -site:brill.com 
-site:getyourguide.com -site:academic.oup.com -site:www.emerald.com 
-site:eresources.nlb.gov.sg -site:www.govinfo.gov",0,15,0%,21.27
ibs thin stool,0,15,0%,21.67
huggies poop scanner,0,15,0%,22.27
feces analyzer quote,0,15,0%,25.53
faeces with mucus,0,15,0%,29.47
defecate mucus,0,15,0%,36.67
mucus in human stool,0,15,0%,37.67
diarrhoea with mucus,0,15,0%,38.87
mucus in bowel movements,0,15,0%,38.87
pale stool pictures,0,15,0%,39
clear mucus bowel movement,0,15,0%,39.13
is it normal to have mucus in stool,0,15,0%,40.8
what does mucus in poop mean,0,15,0%,41
mucus in stool diarrhea,0,15,0%,41.2
bowel movement only mucus,0,15,0%,42.67
poop quiz,0,15,0%,42.93
jelly like mucus in stool,0,15,0%,43.2
will dehydration cause constipation,0,15,0%,44.47
faeces with white mucus,0,15,0%,44.6
mucus white stool,0,15,0%,46.13
mucus colitis,0,15,0%,46.93
poop covered in mucus,0,15,0%,46.93
clear stool,0,15,0%,47.2
thick mucus in stool,0,15,0%,52.93
stool with mucus treatment,0,15,0%,60
bristol stool scale,0,15,0%,62.6
poop color meaning,0,15,0%,75.27
poopfinder,0,14,0%,6.57
cleveland clinic floating poop causes gas steatorrhea,0,14,0%,7.21
"""low caliber stool"" and ""pencil thin stool"" are not signs of colorectal 
cancer summary",0,14,0%,7.64
"borhan-manesh low caliber stool pencil thin stool not signs colorectal 
cancer abstract",0,14,0%,7.79
why walking makes you poop,0,14,0%,7.86
ribbon stool pictures,0,14,0%,8.5
ribbon caliber stools,0,14,0%,8.57
does walking make you want to poop,0,14,0%,8.71
why is my stool thinner than a pencil with anal fisure,0,14,0%,11
pencil thin stools pictures,0,14,0%,11.07
pooper app,0,14,0%,15.57
pencil like stool causes,0,14,0%,15.93
what does pencil thin poop look like,0,14,0%,18.71
skinny poops,0,14,0%,20
high protein diet and constipation,0,14,0%,20.71
what does a pencil thin stool look like,0,14,0%,20.86
thin stool colon cancer,0,14,0%,21.07
very thin poop,0,14,0%,22.07
does too much protein cause constipation,0,14,0%,23
skinny stool causes,0,14,0%,23.71
thin narrow stool,0,14,0%,24.93
what causes skinny poop,0,14,0%,26.21
whitish mucus in stool,0,14,0%,27
analyze poop,0,14,0%,27.93
does drinking water make you poop more,0,14,0%,29.79
mucus in the faeces,0,14,0%,34.21
clear mucus in poo,0,14,0%,36.14
mucus colon,0,14,0%,36.71
mucus in fecal matter,0,14,0%,37.64
clear mucus from bowel,0,14,0%,37.71
mucus faeces,0,14,0%,38.64
pooping bloody mucus,0,14,0%,39.36
why do i have mucus in my poop,0,14,0%,39.36
stools mucus,0,14,0%,43.07
what does mucus in poop look like,0,14,0%,43.79
passing mucus in stool,0,14,0%,44.14
mucus loose stool,0,14,0%,44.36
mucus strings in stool,0,14,0%,44.64
white stuff on stool,0,14,0%,45.21
white mucus on poop,0,14,0%,46.71
white slime on poop,0,14,0%,47
mucus when wiping,0,14,0%,47.07
poop has white mucus,0,14,0%,48.14
white discharge in poo,0,14,0%,49.07
white discharge in feces,0,14,0%,49.79
white mucus on stool,0,14,0%,50.64
bristol stool,0,14,0%,76.36
caca-ia,0,13,0%,2.46
ia caca,0,13,0%,2.77
google stool,0,13,0%,5.69
poop link,0,13,0%,7.85
does walking a lot make you poop,0,13,0%,8.08
narrow stool images,0,13,0%,9.69
why do i poop after working out,0,13,0%,10.69
can ribbon poop be normal,0,13,0%,11.08
narrow ribbon like stool,0,13,0%,13.38
what does thin stool look like,0,13,0%,13.62
ribbon thin stool,0,13,0%,14.08
mucus in stool dehydration,0,13,0%,16
what causes thin poop,0,13,0%,19.54
"common causes of blood and mucus in stool -filetype:txt -filetype:pdf 
-filetype:epub -filetype:doc -filetype:docx -filetype:xls -filetype:xlsx 
-filetype:ppt -filetype:csv -site:youtube.com -site:tiktok.com 
-site:instagram.com -site:ebay.com -site:jd.com -site:amazon.com 
-site:iqiyi.com -site:bilibili.com -site:t.me -site:douyin.com 
-site:douban.com -site:apple.com -site:reddit.com -site:researchgate.net 
-site:academia.edu -site:dokumen.pub -site:en.wikipedia.org -site:quora.com 
-site:sciencedirect.com -site:cambridge.org -site:mdpi.com 
-site:link.springer.com -site:zhuanlan.zhihu.com -site:journals.sagepub.com 
-site:imdb.com -site:tandfonline.com -site:onlinelibrary.wiley.com 
-site:brill.com -site:getyourguide.com -site:academic.oup.com 
-site:www.emerald.com -site:eresources.nlb.gov.sg -site:www.govinfo.gov",0,13,0%,20.92
long narrow stools,0,13,0%,22.23
colon cancer thin stool,0,13,0%,22.62
pencil thin bowel movements,0,13,0%,22.69
can too much protein cause constipation,0,13,0%,24.15
what does a thin stool mean,0,13,0%,26.54
stools long and thin,0,13,0%,27.77
stool with lots of mucus,0,13,0%,32
phlegm in poop,0,13,0%,32.23
stool narrowing,0,13,0%,32.46
mucus after stool,0,13,0%,34.77
mucus and poop,0,13,0%,34.85
what causes mucus in bowel movements,0,13,0%,35.23
mucus lining in stool,0,13,0%,35.31
mucus around poop,0,13,0%,36.08
mucous in faeces,0,13,0%,36.23
defecating white mucus,0,13,0%,36.69
mucus around stool,0,13,0%,36.85
why do i have mucus in my stool,0,13,0%,36.85
mucus excrement,0,13,0%,36.92
mucus in bowel movement causes,0,13,0%,37.46
stringy mucus poop,0,13,0%,39
mucus in stools constipation,0,13,0%,40.31
what causes mucus in poop,0,13,0%,40.69
mucoid stool causes,0,13,0%,40.85
small amount of mucus in stool,0,13,0%,41.23
poop machine,0,13,0%,41.38
pooping mucus and blood,0,13,0%,42
blood mucus in stool,0,13,0%,42.31
stool like mucus,0,13,0%,42.69
what does mucus in the stool mean,0,13,0%,42.77
white stringy in poop,0,13,0%,42.92
mucus like poo,0,13,0%,43.31
mucus after bowel movement,0,13,0%,43.38
why is my poop mucousy,0,13,0%,43.92
constipation mucus,0,13,0%,44.15
farting mucus,0,13,0%,44.69
white discharge on poop,0,13,0%,45.62
stomach cramps mucus in stool,0,13,0%,46.15
mucus in stool with diarrhea,0,13,0%,47.23
pooping slimy mucus,0,13,0%,47.92
thick white mucus in stool,0,13,0%,47.92
mucus in stomach,0,13,0%,52
brown mucus in stool,0,13,0%,54.77
baby health green stool,0,13,0%,69.92
ribbon-like stool in which disease,0,12,0%,4.67
poop tool,0,12,0%,5
live poop. net,0,12,0%,7.25
stool caliber change,0,12,0%,7.58
poopguesser,0,12,0%,8
mayo clinic colon cleanse risks dehydration electrolyte imbalance,0,12,0%,8.5
scat scanner,0,12,0%,8.67
why do i have to poop after lifting weights,0,12,0%,9.25
website about poop,0,12,0%,9.33
why does exercising make me poop,0,12,0%,10.08
pooping after workout,0,12,0%,10.58
why does exercise make you poop,0,12,0%,13
does high protein cause constipation,0,12,0%,15.25
my stool,0,12,0%,15.75
thin stool photos,0,12,0%,16.33
what does narrow stool look like,0,12,0%,17.25
thin poop causes,0,12,0%,18.5
pus on poop,0,12,0%,19.25
can hemorrhoids cause narrow stools,0,12,0%,20.83
best feces analyzer,0,12,0%,21
narrow stools means,0,12,0%,21.5
pencil size stool,0,12,0%,21.58
"common causes of mucus in stool -filetype:txt -filetype:pdf -filetype:epub 
-filetype:doc -filetype:docx -filetype:xls -filetype:xlsx -filetype:ppt 
-filetype:csv -site:youtube.com -site:tiktok.com -site:instagram.com 
-site:ebay.com -site:jd.com -site:amazon.com -site:iqiyi.com 
-site:bilibili.com -site:t.me -site:douyin.com -site:douban.com 
-site:apple.com -site:reddit.com -site:researchgate.net -site:academia.edu 
-site:dokumen.pub -site:en.wikipedia.org -site:quora.com 
-site:sciencedirect.com -site:cambridge.org -site:mdpi.com 
-site:link.springer.com -site:zhuanlan.zhihu.com -site:journals.sagepub.com 
-site:imdb.com -site:tandfonline.com -site:onlinelibrary.wiley.com 
-site:brill.com -site:getyourguide.com -site:academic.oup.com 
-site:www.emerald.com -site:eresources.nlb.gov.sg -site:www.govinfo.gov",0,12,0%,21.83
analyze your poop,0,12,0%,22.08
pencil thin feces,0,12,0%,22.5
pencil thin stool and constipation,0,12,0%,24.75
narrow stools meaning,0,12,0%,24.92
"when to see a doctor for mucus in stool -filetype:txt -filetype:pdf 
-filetype:epub -filetype:doc -filetype:docx -filetype:xls -filetype:xlsx 
-filetype:ppt -filetype:csv -site:youtube.com -site:tiktok.com 
-site:instagram.com -site:ebay.com -site:jd.com -site:amazon.com 
-site:iqiyi.com -site:bilibili.com -site:t.me -site:douyin.com 
-site:douban.com -site:apple.com -site:reddit.com -site:researchgate.net 
-site:academia.edu -site:dokumen.pub -site:en.wikipedia.org -site:quora.com 
-site:sciencedirect.com -site:cambridge.org -site:mdpi.com 
-site:link.springer.com -site:zhuanlan.zhihu.com -site:journals.sagepub.com 
-site:imdb.com -site:tandfonline.com -site:onlinelibrary.wiley.com 
-site:brill.com -site:getyourguide.com -site:academic.oup.com 
-site:www.emerald.com -site:eresources.nlb.gov.sg -site:www.govinfo.gov",0,12,0%,25
thin feces,0,12,0%,26.67
narrow long poop,0,12,0%,27.08
poop maps,0,12,0%,28.17
narrowing stool,0,12,0%,28.25
is mucus in poop normal,0,12,0%,30.92
clear goo in stool,0,12,0%,32.5
gooey poop,0,12,0%,33.67
pus in faeces,0,12,0%,33.67
malabsorption poop pictures,0,12,0%,34.33
can ibs cause mucus in stool,0,12,0%,34.75
white mucus in stool photos,0,12,0%,35.17
ibs mucus stool,0,12,0%,35.42
excreting mucus,0,12,0%,35.58
white substance on stool,0,12,0%,35.67
clear slimy poop,0,12,0%,36.33
lot of mucus in stool,0,12,0%,36.58
what does mucus in your stool mean,0,12,0%,36.92
stringy mucus in poo,0,12,0%,37
bowel movement mucus only,0,12,0%,37.5
abnormal stool mucus,0,12,0%,37.58
a lot of mucus in stool,0,12,0%,37.83
bowel movement with mucus,0,12,0%,37.92
mucus strands in stool,0,12,0%,37.92
mucus in bowel,0,12,0%,38.17
phlegm stool,0,12,0%,38.17
jelly poop,0,12,0%,38.25
mucous stools in adults,0,12,0%,38.25
poop and mucus,0,12,0%,38.5
mucus stool constipation,0,12,0%,38.75
discharge in stool,0,12,0%,39.08
mucus in,0,12,0%,39.92
mucus discharge in stool,0,12,0%,40.17
why is my poop slimy,0,12,0%,40.33
mucus in stool human,0,12,0%,40.42
mucus in stool after diarrhea,0,12,0%,40.92
mucus and diarrhea,0,12,0%,41.08
mucus in my stools,0,12,0%,41.08
causes of excess mucus in stool,0,12,0%,41.83
mucus stool causes,0,12,0%,42.08
mucus with stool,0,12,0%,42.17
slimy stools,0,12,0%,42.25
what does mucus in the poop mean,0,12,0%,43
jelly like diarrhea,0,12,0%,43.5
mucus in poop meaning,0,12,0%,43.83
loose stools mucus,0,12,0%,44.08
poop color chart,0,12,0%,44.25
mucus and blood in stool,0,12,0%,45.17
hard stools and mucus,0,12,0%,45.58
passing mucus without stool,0,12,0%,46.67
white mucus poop,0,12,0%,47.67
white mucus covered stool,0,12,0%,48.67
mucus in stool gas,0,12,0%,54
stool test,0,12,0%,59.08
poop colors meaning,0,12,0%,65.92
fecal check,0,11,0%,1
how to loosen a bowel blockage at home,0,11,0%,3
cleveland clinic floating stool gas steatorrhea,0,11,0%,6.18
mayo clinic high protein diet constipation,0,11,0%,6.27
app to track poop,0,11,0%,7.27
am i a poop,0,11,0%,7.36
cleveland clinic apple cider vinegar digestion evidence gut health,0,11,0%,7.82
is it mormal to have to poop during my evenning walk,0,11,0%,8.36
pencil stool image,0,11,0%,8.64
pencil thin stool photo,0,11,0%,8.91
best poop sites,0,11,0%,9
"mayo clinic colon cleansing not recommended risks perforation electrolyte 
imbalance",0,11,0%,9.18
ai scat pics,0,11,0%,9.45
do you poop more when you start working out,0,11,0%,9.82
why do i have to poop when i workout,0,11,0%,10
bearable app cost,0,11,0%,10.55
does walking make you have to poop,0,11,0%,10.91
can drinking to much water cause constipation,0,11,0%,11.18
is it normal to poop after working out,0,11,0%,11.27
can hemorrhoids cause ribbon poop,0,11,0%,11.55
can working out make you poop more,0,11,0%,11.82
high protein constipation,0,11,0%,12.64
poop app tracker,0,11,0%,13.18
what does ribbon like stool look like,0,11,0%,13.36
pencil-thin stool,0,11,0%,14.82
pencil shaped stools,0,11,0%,15.64
cheap feces analyzer,0,11,0%,18
skinny long poop,0,11,0%,18.27
protein constipation,0,11,0%,18.73
thin poo,0,11,0%,19
reasons for thin stools,0,11,0%,20.09
long thin bowel movements,0,11,0%,21.45
how much mucus is normal in stool,0,11,0%,23.09
your poop,0,11,0%,23.36
skinny bowel movements,0,11,0%,23.82
does a high protein diet cause constipation,0,11,0%,24
occasional pencil thin stool,0,11,0%,24.64
thinning stool,0,11,0%,24.64
flat ribbon stool,0,11,0%,25.09
thin soft stool,0,11,0%,28.27
thinner poop,0,11,0%,28.45
thin poop constipation,0,11,0%,28.82
what is narrow stool,0,11,0%,29.18
stool symptom checker,0,11,0%,31.45
ibs and mucus in stool,0,11,0%,31.91
pus in stools,0,11,0%,31.91
mucus in bowels cause,0,11,0%,32.36
mucus in bm,0,11,0%,32.73
mucus attached to stool,0,11,0%,34.55
mucus in toilet,0,11,0%,35.45
mucus on bowel movement,0,11,0%,35.55
alot of mucus in stool,0,11,0%,35.91
poop looks like mucus,0,11,0%,36.18
mucus on stool constipation,0,11,0%,36.45
colon mucus,0,11,0%,37.18
mucoid stools,0,11,0%,37.27
mucus from poop,0,11,0%,37.27
mucus on poo,0,11,0%,37.27
mucus in your stools,0,11,0%,37.55
mucus when i poop,0,11,0%,37.55
clear mucus with bowel movement,0,11,0%,37.64
clear slime in stool,0,11,0%,38.09
mucus in colon,0,11,0%,38.18
slime on stool,0,11,0%,38.18
poop has mucus,0,11,0%,39
discharge on stool,0,11,0%,39.09
why does my stool have mucus,0,11,0%,39.09
gel like stool,0,11,0%,39.18
mucus as stool,0,11,0%,40
why does my poop look like mucus,0,11,0%,40
diarrhea mucus in stool,0,11,0%,40.09
clumps of mucus in stool,0,11,0%,40.55
mucus after diarrhea,0,11,0%,40.55
can you poop mucus,0,11,0%,40.73
mucusy stools,0,11,0%,40.82
cause of mucus in stool,0,11,0%,41
stomach cramps mucus stool,0,11,0%,41
mucus in feces human,0,11,0%,41.18
mucus after poop,0,11,0%,41.45
mucus when i wipe,0,11,0%,41.64
stools with white mucus,0,11,0%,41.82
bowel movements with mucus,0,11,0%,42.45
pooping white mucus no stool,0,11,0%,42.45
stringy white mucus in stool,0,11,0%,42.55
pooping with mucus,0,11,0%,42.91
mucus instead of stool,0,11,0%,43.27
loose bowel movement with mucus,0,11,0%,43.64
my poop has mucus in it,0,11,0%,43.73
diarrhea and mucus in stool,0,11,0%,44.55
mucus in stool abdominal pain,0,11,0%,44.64
constipation with mucus,0,11,0%,44.73
clear poop,0,11,0%,45.73
white discharge with bowel movement,0,11,0%,45.82
mucus poops,0,11,0%,46.09
mucus in stool and gas,0,11,0%,48.82
poop scale,0,11,0%,48.82
stools like jelly,0,11,0%,50.55
bowel movement jelly like substance,0,11,0%,50.82
urge to poop but only mucus comes out treatment,0,11,0%,51.09
changes in bowel habits symptom checker,0,11,0%,54.09
stool color,0,11,0%,65.45
apple cider vinegar for intestinal health,0,11,0%,70.91
poopls,0,10,0%,2.5
poopgpt,0,10,0%,4.1
caliber stools,0,10,0%,5
diarrhea ai,0,10,0%,5.6
bristol stool chart type 2 lumpy sausage constipation nhs,0,10,0%,7.9
do you poop less if you exercise more,0,10,0%,7.9
what does pencil stool look like,0,10,0%,8.1
pooping after gym,0,10,0%,8.5
why do i have to poop right after working out,0,10,0%,8.8
if i drink too much water will my poop be watery,0,10,0%,9.1
poop it,0,10,0%,9.1
ribbon shaped poop,0,10,0%,9.3
why do i need to poop after working out,0,10,0%,9.5
image of pencil thin stool,0,10,0%,9.9
high protein diet constipation evidence,0,10,0%,10.6
why does the gym make me poop,0,10,0%,10.6
"hlebowicz 2007 bmc gastroenterology apple cider vinegar gastric emptying 
type 1 diabetes",0,10,0%,10.7